sku,_attribute_set,_product_websites,_store,_type,_root_category,_category,name,short_description,description,price,size,color,url_key,has_options,required_options,status,tax_class_id,visibility,qty,is_in_stock,manage_stock,_super_products_sku,_super_attribute_code,_super_attribute_option
2011015180111,属性セット（標準）,dannyanne,,simple,Danny&Anne,アウター,テーラードジャケット/FREE/BLACK,（未使用）,（未使用）,25200,FREE,BLACK,2011015180111,0,0,1,4,1,1,1,1,,,
2011015180418,属性セット（標準）,dannyanne,,simple,Danny&Anne,アウター,テーラードジャケット/FREE/BEIGE,（未使用）,（未使用）,25200,FREE,BEIGE,2011015180418,0,0,1,4,1,1,1,1,,,
2011016590131,属性セット（標準）,dannyanne,,simple,Danny&Anne,アウター,ノーカラーライダースジャケット/S/BLACK,（未使用）,（未使用）,19950,S,BLACK,2011016590131,0,0,1,4,1,1,1,1,,,
2011016590148,属性セット（標準）,dannyanne,,simple,Danny&Anne,アウター,ノーカラーライダースジャケット/M/BLACK,（未使用）,（未使用）,19950,M,BLACK,2011016590148,0,0,1,4,1,1,1,1,,,
2011016590438,属性セット（標準）,dannyanne,,simple,Danny&Anne,アウター,ノーカラーライダースジャケット/S/BEIGE,（未使用）,（未使用）,19950,S,BEIGE,2011016590438,0,0,1,4,1,1,1,1,,,
2011016590445,属性セット（標準）,dannyanne,,simple,Danny&Anne,アウター,ノーカラーライダースジャケット/M/BEIGE,（未使用）,（未使用）,19950,M,BEIGE,2011016590445,0,0,1,4,1,1,1,1,,,
2011024050214,属性セット（標準）,dannyanne,,simple,Danny&Anne,トップス,アシンメトリーフレアーノースリーブ/FREE/WHITE,（未使用）,（未使用）,12600,FREE,WHITE,2011024050214,0,0,1,4,1,1,1,1,,,
2011024050412,属性セット（標準）,dannyanne,,simple,Danny&Anne,トップス,アシンメトリーフレアーノースリーブ/FREE/BEIGE,（未使用）,（未使用）,12600,FREE,BEIGE,2011024050412,0,0,1,4,1,1,1,1,,,
2011024160111,属性セット（標準）,dannyanne,,simple,Danny&Anne,トップス,シフォンフレアージレ/FREE/BLACK,（未使用）,（未使用）,11550,FREE,BLACK,2011024160111,0,0,1,4,1,1,1,1,,,
2011024160210,属性セット（標準）,dannyanne,,simple,Danny&Anne,トップス,シフォンフレアージレ/FREE/WHITE,（未使用）,（未使用）,11550,FREE,WHITE,2011024160210,0,0,1,4,1,1,1,1,,,
2011024190231,属性セット（標準）,dannyanne,,simple,Danny&Anne,トップス,スリットスリーブシャツ/S/WHITE,（未使用）,（未使用）,11550,S,WHITE,2011024190231,0,0,1,4,1,1,1,1,,,
2011024190248,属性セット（標準）,dannyanne,,simple,Danny&Anne,トップス,スリットスリーブシャツ/M/WHITE,（未使用）,（未使用）,11550,M,WHITE,2011024190248,0,0,1,4,1,1,1,1,,,
2011024190439,属性セット（標準）,dannyanne,,simple,Danny&Anne,トップス,スリットスリーブシャツ/S/BEIGE,（未使用）,（未使用）,11550,S,BEIGE,2011024190439,0,0,1,4,1,1,1,1,,,
2011024190446,属性セット（標準）,dannyanne,,simple,Danny&Anne,トップス,スリットスリーブシャツ/M/BEIGE,（未使用）,（未使用）,11550,M,BEIGE,2011024190446,0,0,1,4,1,1,1,1,,,
2011024200718,属性セット（標準）,dannyanne,,simple,Danny&Anne,トップス,ポンチョシャツ(BLUE)/FREE/BLUE,（未使用）,（未使用）,12600,FREE,BLUE,2011024200718,0,0,1,4,1,1,1,1,,,
2011024210236,属性セット（標準）,dannyanne,,simple,Danny&Anne,トップス,アシンメトリーフレアブラウス/S/WHITE,（未使用）,（未使用）,15750,S,WHITE,2011024210236,0,0,1,4,1,1,1,1,,,
2011024210243,属性セット（標準）,dannyanne,,simple,Danny&Anne,トップス,アシンメトリーフレアブラウス/M/WHITE,（未使用）,（未使用）,15750,M,WHITE,2011024210243,0,0,1,4,1,1,1,1,,,
2011024210830,属性セット（標準）,dannyanne,,simple,Danny&Anne,トップス,アシンメトリーフレアブラウス/S/NAVY,（未使用）,（未使用）,15750,S,NAVY,2011024210830,0,0,1,4,1,1,1,1,,,
2011024210847,属性セット（標準）,dannyanne,,simple,Danny&Anne,トップス,アシンメトリーフレアブラウス/M/NAVY,（未使用）,（未使用）,15750,M,NAVY,2011024210847,0,0,1,4,1,1,1,1,,,
2011024220211,属性セット（標準）,dannyanne,,simple,Danny&Anne,トップス,ボウタイロングシャツ/FREE/WHITE,（未使用）,（未使用）,12600,FREE,WHITE,2011024220211,0,0,1,4,1,1,1,1,,,
2011024220419,属性セット（標準）,dannyanne,,simple,Danny&Anne,トップス,ボウタイロングシャツ/FREE/BEIGE,（未使用）,（未使用）,12600,FREE,BEIGE,2011024220419,0,0,1,4,1,1,1,1,,,
2011024220815,属性セット（標準）,dannyanne,,simple,Danny&Anne,トップス,ボウタイロングシャツ/FREE/NAVY,（未使用）,（未使用）,12600,FREE,NAVY,2011024220815,0,0,1,4,1,1,1,1,,,
2011024270230,属性セット（標準）,dannyanne,,simple,Danny&Anne,トップス,ぺプラムシャツ/S/WHITE,（未使用）,（未使用）,11550,S,WHITE,2011024270230,0,0,1,4,1,1,1,1,,,
2011024270247,属性セット（標準）,dannyanne,,simple,Danny&Anne,トップス,ぺプラムシャツ/M/WHITE,（未使用）,（未使用）,11550,M,WHITE,2011024270247,0,0,1,4,1,1,1,1,,,
2011024270438,属性セット（標準）,dannyanne,,simple,Danny&Anne,トップス,ぺプラムシャツ/S/BEIGE,（未使用）,（未使用）,11550,S,BEIGE,2011024270438,0,0,1,4,1,1,1,1,,,
2011024270445,属性セット（標準）,dannyanne,,simple,Danny&Anne,トップス,ぺプラムシャツ/M/BEIGE,（未使用）,（未使用）,11550,M,BEIGE,2011024270445,0,0,1,4,1,1,1,1,,,
2011024270735,属性セット（標準）,dannyanne,,simple,Danny&Anne,トップス,ぺプラムシャツ/S/BLUE,（未使用）,（未使用）,11550,S,BLUE,2011024270735,0,0,1,4,1,1,1,1,,,
2011024270742,属性セット（標準）,dannyanne,,simple,Danny&Anne,トップス,ぺプラムシャツ/M/BLUE,（未使用）,（未使用）,11550,M,BLUE,2011024270742,0,0,1,4,1,1,1,1,,,
2011024310219,属性セット（標準）,dannyanne,,simple,Danny&Anne,トップス,レース×裏起毛スウェットプルオーバー/FREE/WHITE,（未使用）,（未使用）,12600,FREE,WHITE,2011024310219,0,0,1,4,1,1,1,1,,,
2011024320232,属性セット（標準）,dannyanne,,simple,Danny&Anne,トップス,レース×ジョーゼットノースリーブ/S/WHITE,（未使用）,（未使用）,11550,S,WHITE,2011024320232,0,0,1,4,1,1,1,1,,,
2011024320249,属性セット（標準）,dannyanne,,simple,Danny&Anne,トップス,レース×ジョーゼットノースリーブ/M/WHITE,（未使用）,（未使用）,11550,M,WHITE,2011024320249,0,0,1,4,1,1,1,1,,,
2011024320430,属性セット（標準）,dannyanne,,simple,Danny&Anne,トップス,レース×ジョーゼットノースリーブ/S/BEIGE,（未使用）,（未使用）,11550,S,BEIGE,2011024320430,0,0,1,4,1,1,1,1,,,
2011024320447,属性セット（標準）,dannyanne,,simple,Danny&Anne,トップス,レース×ジョーゼットノースリーブ/M/BEIGE,（未使用）,（未使用）,11550,M,BEIGE,2011024320447,0,0,1,4,1,1,1,1,,,
2011024330231,属性セット（標準）,dannyanne,,simple,Danny&Anne,トップス,レース×ジョーゼットワンピース/S/WHITE,（未使用）,（未使用）,13650,S,WHITE,2011024330231,0,0,1,4,1,1,1,1,,,
2011024330248,属性セット（標準）,dannyanne,,simple,Danny&Anne,トップス,レース×ジョーゼットワンピース/M/WHITE,（未使用）,（未使用）,13650,M,WHITE,2011024330248,0,0,1,4,1,1,1,1,,,
2011024330835,属性セット（標準）,dannyanne,,simple,Danny&Anne,トップス,レース×ジョーゼットワンピース/S/NAVY,（未使用）,（未使用）,13650,S,NAVY,2011024330835,0,0,1,4,1,1,1,1,,,
2011024330842,属性セット（標準）,dannyanne,,simple,Danny&Anne,トップス,レース×ジョーゼットワンピース/M/NAVY,（未使用）,（未使用）,13650,M,NAVY,2011024330842,0,0,1,4,1,1,1,1,,,
2011024650131,属性セット（標準）,dannyanne,,simple,Danny&Anne,トップス,レース×天竺キャミソール/S/BLACK,（未使用）,（未使用）,5780,S,BLACK,2011024650131,0,0,1,4,1,1,1,1,,,
2011024650148,属性セット（標準）,dannyanne,,simple,Danny&Anne,トップス,レース×天竺キャミソール/M/BLACK,（未使用）,（未使用）,5780,M,BLACK,2011024650148,0,0,1,4,1,1,1,1,,,
2011024650230,属性セット（標準）,dannyanne,,simple,Danny&Anne,トップス,レース×天竺キャミソール/S/WHITE,（未使用）,（未使用）,5780,S,WHITE,2011024650230,0,0,1,4,1,1,1,1,,,
2011024650247,属性セット（標準）,dannyanne,,simple,Danny&Anne,トップス,レース×天竺キャミソール/M/WHITE,（未使用）,（未使用）,5780,M,WHITE,2011024650247,0,0,1,4,1,1,1,1,,,
2011024660116,属性セット（標準）,dannyanne,,simple,Danny&Anne,トップス,バッククロスベアトップ/FREE/BLACK,（未使用）,（未使用）,3990,FREE,BLACK,2011024660116,0,0,1,4,1,1,1,1,,,
2011024660512,属性セット（標準）,dannyanne,,simple,Danny&Anne,トップス,バッククロスベアトップ/FREE/GRAY,（未使用）,（未使用）,3990,FREE,GRAY,2011024660512,0,0,1,4,1,1,1,1,,,
2011024750510,属性セット（標準）,dannyanne,,simple,Danny&Anne,トップス,レース×裏起毛スウェットプルオーバー/FREE/GRAY,（未使用）,（未使用）,12600,FREE,GRAY,2011024750510,0,0,1,4,1,1,1,1,,,
2011024760212,属性セット（標準）,dannyanne,,simple,Danny&Anne,トップス,ポンチョシャツ(WHITE)/FREE/WHITE,（未使用）,（未使用）,12600,FREE,WHITE,2011024760212,0,0,1,4,1,1,1,1,,,
2011025010217,属性セット（標準）,dannyanne,,simple,Danny&Anne,トップス,バックリボンフレアーチュニック/FREE/WHITE,（未使用）,（未使用）,10500,FREE,WHITE,2011025010217,0,0,1,4,1,1,1,1,,,
2011025010910,属性セット（標準）,dannyanne,,simple,Danny&Anne,トップス,バックリボンフレアーチュニック/FREE/YELLOW,（未使用）,（未使用）,10500,FREE,YELLOW,2011025010910,0,0,1,4,1,1,1,1,,,
2011025020131,属性セット（標準）,dannyanne,,simple,Danny&Anne,トップス,アシンメトリーフレアーヘムブラウス/S/BLACK,（未使用）,（未使用）,12600,S,BLACK,2011025020131,0,0,1,4,1,1,1,1,,,
2011025020148,属性セット（標準）,dannyanne,,simple,Danny&Anne,トップス,アシンメトリーフレアーヘムブラウス/M/BLACK,（未使用）,（未使用）,12600,M,BLACK,2011025020148,0,0,1,4,1,1,1,1,,,
2011025020438,属性セット（標準）,dannyanne,,simple,Danny&Anne,トップス,アシンメトリーフレアーヘムブラウス/S/BEIGE,（未使用）,（未使用）,12600,S,BEIGE,2011025020438,0,0,1,4,1,1,1,1,,,
2011025020445,属性セット（標準）,dannyanne,,simple,Danny&Anne,トップス,アシンメトリーフレアーヘムブラウス/M/BEIGE,（未使用）,（未使用）,12600,M,BEIGE,2011025020445,0,0,1,4,1,1,1,1,,,
2011025030116,属性セット（標準）,dannyanne,,simple,Danny&Anne,トップス,アシンメトリードレープノースリーブ/FREE/BLACK,（未使用）,（未使用）,9350,FREE,BLACK,2011025030116,0,0,1,4,1,1,1,1,,,
2011025030413,属性セット（標準）,dannyanne,,simple,Danny&Anne,トップス,アシンメトリードレープノースリーブ/FREE/BEIGE,（未使用）,（未使用）,9350,FREE,BEIGE,2011025030413,0,0,1,4,1,1,1,1,,,
2011025170416,属性セット（標準）,dannyanne,,simple,Danny&Anne,トップス,バイカラーテーラードジレ/FREE/BEIGE,（未使用）,（未使用）,18900,FREE,BEIGE,2011025170416,0,0,1,4,1,1,1,1,,,
2011025170515,属性セット（標準）,dannyanne,,simple,Danny&Anne,トップス,バイカラーテーラードジレ/FREE/GRAY,（未使用）,（未使用）,18900,FREE,GRAY,2011025170515,0,0,1,4,1,1,1,1,,,
2011025400117,属性セット（標準）,dannyanne,,simple,Danny&Anne,トップス,プリントシフォンフレアースリーブブラウス/FREE/BLACK,（未使用）,（未使用）,13650,FREE,BLACK,2011025400117,0,0,1,4,1,1,1,1,,,
2011025400216,属性セット（標準）,dannyanne,,simple,Danny&Anne,トップス,プリントシフォンフレアースリーブブラウス/FREE/WHITE,（未使用）,（未使用）,13650,FREE,WHITE,2011025400216,0,0,1,4,1,1,1,1,,,
2011025410116,属性セット（標準）,dannyanne,,simple,Danny&Anne,トップス,プリントサテンチュニック/FREE/BLACK,（未使用）,（未使用）,14700,FREE,BLACK,2011025410116,0,0,1,4,1,1,1,1,,,
2011025410215,属性セット（標準）,dannyanne,,simple,Danny&Anne,トップス,プリントサテンチュニック/FREE/WHITE,（未使用）,（未使用）,14700,FREE,WHITE,2011025410215,0,0,1,4,1,1,1,1,,,
2011025430213,属性セット（標準）,dannyanne,,simple,Danny&Anne,トップス,フラワープリントフレアーノースリーブ/FREE/WHITE,（未使用）,（未使用）,15750,FREE,WHITE,2011025430213,0,0,1,4,1,1,1,1,,,
2011025430817,属性セット（標準）,dannyanne,,simple,Danny&Anne,トップス,フラワープリントフレアーノースリーブ/FREE/NAVY,（未使用）,（未使用）,15750,FREE,NAVY,2011025430817,0,0,1,4,1,1,1,1,,,
2011025460111,属性セット（標準）,dannyanne,,simple,Danny&Anne,トップス,レザー切り替えトップス/FREE/BLACK,（未使用）,（未使用）,12600,FREE,BLACK,2011025460111,0,0,1,4,1,1,1,1,,,
2011025460418,属性セット（標準）,dannyanne,,simple,Danny&Anne,トップス,レザー切り替えトップス/FREE/BEIGE,（未使用）,（未使用）,12600,FREE,BEIGE,2011025460418,0,0,1,4,1,1,1,1,,,
2011026040114,属性セット（標準）,dannyanne,,simple,Danny&Anne,トップス,3WAYキャミソール/FREE/BLACK,（未使用）,（未使用）,9350,FREE,BLACK,2011026040114,0,0,1,4,1,1,1,1,,,
2011026040411,属性セット（標準）,dannyanne,,simple,Danny&Anne,トップス,3WAYキャミソール/FREE/BEIGE,（未使用）,（未使用）,9350,FREE,BEIGE,2011026040411,0,0,1,4,1,1,1,1,,,
2011026040510,属性セット（標準）,dannyanne,,simple,Danny&Anne,トップス,3WAYキャミソール/FREE/GRAY,（未使用）,（未使用）,9350,FREE,GRAY,2011026040510,0,0,1,4,1,1,1,1,,,
2011026060112,属性セット（標準）,dannyanne,,simple,Danny&Anne,トップス,ギャザースリーブブラウス/FREE/BLACK,（未使用）,（未使用）,12600,FREE,BLACK,2011026060112,0,0,1,4,1,1,1,1,,,
2011026060211,属性セット（標準）,dannyanne,,simple,Danny&Anne,トップス,ギャザースリーブブラウス/FREE/WHITE,（未使用）,（未使用）,12600,FREE,WHITE,2011026060211,0,0,1,4,1,1,1,1,,,
2011026060419,属性セット（標準）,dannyanne,,simple,Danny&Anne,トップス,ギャザースリーブブラウス/FREE/BEIGE,（未使用）,（未使用）,12600,FREE,BEIGE,2011026060419,0,0,1,4,1,1,1,1,,,
2011026540416,属性セット（標準）,dannyanne,,simple,Danny&Anne,トップス,バイカラードチュニック/FREE/BEIGE,（未使用）,（未使用）,12600,FREE,BEIGE,2011026540416,0,0,1,4,1,1,1,1,,,
2011026540515,属性セット（標準）,dannyanne,,simple,Danny&Anne,トップス,バイカラードチュニック/FREE/GRAY,（未使用）,（未使用）,12600,FREE,GRAY,2011026540515,0,0,1,4,1,1,1,1,,,
2011026550118,属性セット（標準）,dannyanne,,simple,Danny&Anne,トップス,バックジップトップス/FREE/BLACK,（未使用）,（未使用）,10290,FREE,BLACK,2011026550118,0,0,1,4,1,1,1,1,,,
2011026550415,属性セット（標準）,dannyanne,,simple,Danny&Anne,トップス,バックジップトップス/FREE/BEIGE,（未使用）,（未使用）,10290,FREE,BEIGE,2011026550415,0,0,1,4,1,1,1,1,,,
2011026550712,属性セット（標準）,dannyanne,,simple,Danny&Anne,トップス,バックジップトップス/FREE/BLUE,（未使用）,（未使用）,10290,FREE,BLUE,2011026550712,0,0,1,4,1,1,1,1,,,
2011026680112,属性セット（標準）,dannyanne,,simple,Danny&Anne,トップス,キャミソール/FREE/BLACK,（未使用）,（未使用）,3990,FREE,BLACK,2011026680112,0,0,1,4,1,1,1,1,,,
2011026680211,属性セット（標準）,dannyanne,,simple,Danny&Anne,トップス,キャミソール/FREE/WHITE,（未使用）,（未使用）,3990,FREE,WHITE,2011026680211,0,0,1,4,1,1,1,1,,,
2011026680419,属性セット（標準）,dannyanne,,simple,Danny&Anne,トップス,キャミソール/FREE/BEIGE,（未使用）,（未使用）,3990,FREE,BEIGE,2011026680419,0,0,1,4,1,1,1,1,,,
2011026680518,属性セット（標準）,dannyanne,,simple,Danny&Anne,トップス,キャミソール/FREE/GRAY,（未使用）,（未使用）,3990,FREE,GRAY,2011026680518,0,0,1,4,1,1,1,1,,,
2011026680716,属性セット（標準）,dannyanne,,simple,Danny&Anne,トップス,キャミソール/FREE/BLUE,（未使用）,（未使用）,3990,FREE,BLUE,2011026680716,0,0,1,4,1,1,1,1,,,
2011026690111,属性セット（標準）,dannyanne,,simple,Danny&Anne,トップス,タンクトップ/FREE/BLACK,（未使用）,（未使用）,3990,FREE,BLACK,2011026690111,0,0,1,4,1,1,1,1,,,
2011026690210,属性セット（標準）,dannyanne,,simple,Danny&Anne,トップス,タンクトップ/FREE/WHITE,（未使用）,（未使用）,3990,FREE,WHITE,2011026690210,0,0,1,4,1,1,1,1,,,
2011026690418,属性セット（標準）,dannyanne,,simple,Danny&Anne,トップス,タンクトップ/FREE/BEIGE,（未使用）,（未使用）,3990,FREE,BEIGE,2011026690418,0,0,1,4,1,1,1,1,,,
2011026690517,属性セット（標準）,dannyanne,,simple,Danny&Anne,トップス,タンクトップ/FREE/GRAY,（未使用）,（未使用）,3990,FREE,GRAY,2011026690517,0,0,1,4,1,1,1,1,,,
2011026690715,属性セット（標準）,dannyanne,,simple,Danny&Anne,トップス,タンクトップ/FREE/BLUE,（未使用）,（未使用）,3990,FREE,BLUE,2011026690715,0,0,1,4,1,1,1,1,,,
2011026700117,属性セット（標準）,dannyanne,,simple,Danny&Anne,トップス,ショルダータックタンクトップ/FREE/BLACK,（未使用）,（未使用）,3990,FREE,BLACK,2011026700117,0,0,1,4,1,1,1,1,,,
2011026700216,属性セット（標準）,dannyanne,,simple,Danny&Anne,トップス,ショルダータックタンクトップ/FREE/WHITE,（未使用）,（未使用）,3990,FREE,WHITE,2011026700216,0,0,1,4,1,1,1,1,,,
2011026700414,属性セット（標準）,dannyanne,,simple,Danny&Anne,トップス,ショルダータックタンクトップ/FREE/BEIGE,（未使用）,（未使用）,3990,FREE,BEIGE,2011026700414,0,0,1,4,1,1,1,1,,,
2011026700513,属性セット（標準）,dannyanne,,simple,Danny&Anne,トップス,ショルダータックタンクトップ/FREE/GRAY,（未使用）,（未使用）,3990,FREE,GRAY,2011026700513,0,0,1,4,1,1,1,1,,,
2011026700711,属性セット（標準）,dannyanne,,simple,Danny&Anne,トップス,ショルダータックタンクトップ/FREE/BLUE,（未使用）,（未使用）,3990,FREE,BLUE,2011026700711,0,0,1,4,1,1,1,1,,,
2011027070110,属性セット（標準）,dannyanne,,simple,Danny&Anne,トップス,ショルダーフリルニットノースリーブ/FREE/BLACK,（未使用）,（未使用）,12600,FREE,BLACK,2011027070110,0,0,1,4,1,1,1,1,,,
2011027070417,属性セット（標準）,dannyanne,,simple,Danny&Anne,トップス,ショルダーフリルニットノースリーブ/FREE/BEIGE,（未使用）,（未使用）,12600,FREE,BEIGE,2011027070417,0,0,1,4,1,1,1,1,,,
2011027070516,属性セット（標準）,dannyanne,,simple,Danny&Anne,トップス,ショルダーフリルニットノースリーブ/FREE/GRAY,（未使用）,（未使用）,12600,FREE,GRAY,2011027070516,0,0,1,4,1,1,1,1,,,
2011027150416,属性セット（標準）,dannyanne,,simple,Danny&Anne,トップス,ハイゲージニットカーディガン/FREE/BEIGE,（未使用）,（未使用）,14700,FREE,BEIGE,2011027150416,0,0,1,4,1,1,1,1,,,
2011027150515,属性セット（標準）,dannyanne,,simple,Danny&Anne,トップス,ハイゲージニットカーディガン/FREE/GRAY,（未使用）,（未使用）,14700,FREE,GRAY,2011027150515,0,0,1,4,1,1,1,1,,,
2011027150812,属性セット（標準）,dannyanne,,simple,Danny&Anne,トップス,ハイゲージニットカーディガン/FREE/NAVY,（未使用）,（未使用）,14700,FREE,NAVY,2011027150812,0,0,1,4,1,1,1,1,,,
2011027270213,属性セット（標準）,dannyanne,,simple,Danny&Anne,トップス,麻ニットプルオーバー/FREE/WHITE,（未使用）,（未使用）,11550,FREE,WHITE,2011027270213,0,0,1,4,1,1,1,1,,,
2011027270619,属性セット（標準）,dannyanne,,simple,Danny&Anne,トップス,麻ニットプルオーバー/FREE/PINK,（未使用）,（未使用）,11550,FREE,PINK,2011027270619,0,0,1,4,1,1,1,1,,,
2011027270718,属性セット（標準）,dannyanne,,simple,Danny&Anne,トップス,麻ニットプルオーバー/FREE/BLUE,（未使用）,（未使用）,11550,FREE,BLUE,2011027270718,0,0,1,4,1,1,1,1,,,
2011027270916,属性セット（標準）,dannyanne,,simple,Danny&Anne,トップス,麻ニットプルオーバー/FREE/YELLOW,（未使用）,（未使用）,11550,FREE,YELLOW,2011027270916,0,0,1,4,1,1,1,1,,,
2011027520110,属性セット（標準）,dannyanne,,simple,Danny&Anne,トップス,ニットカーディガン/FREE/BLACK,（未使用）,（未使用）,15750,FREE,BLACK,2011027520110,0,0,1,4,1,1,1,1,,,
2011027520417,属性セット（標準）,dannyanne,,simple,Danny&Anne,トップス,ニットカーディガン/FREE/BEIGE,（未使用）,（未使用）,15750,FREE,BEIGE,2011027520417,0,0,1,4,1,1,1,1,,,
2011027530119,属性セット（標準）,dannyanne,,simple,Danny&Anne,トップス,フリンジニット/FREE/BLACK,（未使用）,（未使用）,15750,FREE,BLACK,2011027530119,0,0,1,4,1,1,1,1,,,
2011027530416,属性セット（標準）,dannyanne,,simple,Danny&Anne,トップス,フリンジニット/FREE/BEIGE,（未使用）,（未使用）,15750,FREE,BEIGE,2011027530416,0,0,1,4,1,1,1,1,,,
2011034230637,属性セット（標準）,dannyanne,,simple,Danny&Anne,ワンピース,バックプリーツノースリーブシャツワンピース/S/PINK,（未使用）,（未使用）,12600,S,PINK,2011034230637,0,0,1,4,1,1,1,1,,,
2011034230644,属性セット（標準）,dannyanne,,simple,Danny&Anne,ワンピース,バックプリーツノースリーブシャツワンピース/M/PINK,（未使用）,（未使用）,12600,M,PINK,2011034230644,0,0,1,4,1,1,1,1,,,
2011034230736,属性セット（標準）,dannyanne,,simple,Danny&Anne,ワンピース,バックプリーツノースリーブシャツワンピース/S/BLUE,（未使用）,（未使用）,12600,S,BLUE,2011034230736,0,0,1,4,1,1,1,1,,,
2011034230743,属性セット（標準）,dannyanne,,simple,Danny&Anne,ワンピース,バックプリーツノースリーブシャツワンピース/M/BLUE,（未使用）,（未使用）,12600,M,BLUE,2011034230743,0,0,1,4,1,1,1,1,,,
2011034230934,属性セット（標準）,dannyanne,,simple,Danny&Anne,ワンピース,バックプリーツノースリーブシャツワンピース/S/YELLOW,（未使用）,（未使用）,12600,S,YELLOW,2011034230934,0,0,1,4,1,1,1,1,,,
2011034230941,属性セット（標準）,dannyanne,,simple,Danny&Anne,ワンピース,バックプリーツノースリーブシャツワンピース/M/YELLOW,（未使用）,（未使用）,12600,M,YELLOW,2011034230941,0,0,1,4,1,1,1,1,,,
2011034360532,属性セット（標準）,dannyanne,,simple,Danny&Anne,ワンピース,裏起毛スウェットワンピース/S/GRAY,（未使用）,（未使用）,12600,S,GRAY,2011034360532,0,0,1,4,1,1,1,1,,,
2011034360549,属性セット（標準）,dannyanne,,simple,Danny&Anne,ワンピース,裏起毛スウェットワンピース/M/GRAY,（未使用）,（未使用）,12600,M,GRAY,2011034360549,0,0,1,4,1,1,1,1,,,
2011034362437,属性セット（標準）,dannyanne,,simple,Danny&Anne,ワンピース,裏起毛スウェットワンピース/S/D/GRAY,（未使用）,（未使用）,12600,S,D/GRAY,2011034362437,0,0,1,4,1,1,1,1,,,
2011034362444,属性セット（標準）,dannyanne,,simple,Danny&Anne,ワンピース,裏起毛スウェットワンピース/M/D/GRAY,（未使用）,（未使用）,12600,M,D/GRAY,2011034362444,0,0,1,4,1,1,1,1,,,
2011035100137,属性セット（標準）,dannyanne,,simple,Danny&Anne,ワンピース,2wayチュールスカートドレス/S/BLACK,（未使用）,（未使用）,19950,S,BLACK,2011035100137,0,0,1,4,1,1,1,1,,,
2011035100144,属性セット（標準）,dannyanne,,simple,Danny&Anne,ワンピース,2wayチュールスカートドレス/M/BLACK,（未使用）,（未使用）,19950,M,BLACK,2011035100144,0,0,1,4,1,1,1,1,,,
2011035100434,属性セット（標準）,dannyanne,,simple,Danny&Anne,ワンピース,2wayチュールスカートドレス/S/BEIGE,（未使用）,（未使用）,19950,S,BEIGE,2011035100434,0,0,1,4,1,1,1,1,,,
2011035100441,属性セット（標準）,dannyanne,,simple,Danny&Anne,ワンピース,2wayチュールスカートドレス/M/BEIGE,（未使用）,（未使用）,19950,M,BEIGE,2011035100441,0,0,1,4,1,1,1,1,,,
2011035130134,属性セット（標準）,dannyanne,,simple,Danny&Anne,ワンピース,ティアードショルダードレス/S/BLACK,（未使用）,（未使用）,19950,S,BLACK,2011035130134,0,0,1,4,1,1,1,1,,,
2011035130141,属性セット（標準）,dannyanne,,simple,Danny&Anne,ワンピース,ティアードショルダードレス/M/BLACK,（未使用）,（未使用）,19950,M,BLACK,2011035130141,0,0,1,4,1,1,1,1,,,
2011035130431,属性セット（標準）,dannyanne,,simple,Danny&Anne,ワンピース,ティアードショルダードレス/S/BEIGE,（未使用）,（未使用）,19950,S,BEIGE,2011035130431,0,0,1,4,1,1,1,1,,,
2011035130448,属性セット（標準）,dannyanne,,simple,Danny&Anne,ワンピース,ティアードショルダードレス/M/BEIGE,（未使用）,（未使用）,19950,M,BEIGE,2011035130448,0,0,1,4,1,1,1,1,,,
2011035240130,属性セット（標準）,dannyanne,,simple,Danny&Anne,ワンピース,タフタフレアースカートドレス/S/BLACK,（未使用）,（未使用）,24150,S,BLACK,2011035240130,0,0,1,4,1,1,1,1,,,
2011035240147,属性セット（標準）,dannyanne,,simple,Danny&Anne,ワンピース,タフタフレアースカートドレス/M/BLACK,（未使用）,（未使用）,24150,M,BLACK,2011035240147,0,0,1,4,1,1,1,1,,,
2011035260138,属性セット（標準）,dannyanne,,simple,Danny&Anne,ワンピース,プリントシフォンマキシドレス/S/BLACK,（未使用）,（未使用）,26250,S,BLACK,2011035260138,0,0,1,4,1,1,1,1,,,
2011035260145,属性セット（標準）,dannyanne,,simple,Danny&Anne,ワンピース,プリントシフォンマキシドレス/M/BLACK,（未使用）,（未使用）,26250,M,BLACK,2011035260145,0,0,1,4,1,1,1,1,,,
2011035260237,属性セット（標準）,dannyanne,,simple,Danny&Anne,ワンピース,プリントシフォンマキシドレス/S/WHITE,（未使用）,（未使用）,26250,S,WHITE,2011035260237,0,0,1,4,1,1,1,1,,,
2011035260244,属性セット（標準）,dannyanne,,simple,Danny&Anne,ワンピース,プリントシフォンマキシドレス/M/WHITE,（未使用）,（未使用）,26250,M,WHITE,2011035260244,0,0,1,4,1,1,1,1,,,
2011035450539,属性セット（標準）,dannyanne,,simple,Danny&Anne,ワンピース,ジャガード　ドレス/S/GRAY,（未使用）,（未使用）,15750,S,GRAY,2011035450539,0,0,1,4,1,1,1,1,,,
2011035450546,属性セット（標準）,dannyanne,,simple,Danny&Anne,ワンピース,ジャガード　ドレス/M/GRAY,（未使用）,（未使用）,15750,M,GRAY,2011035450546,0,0,1,4,1,1,1,1,,,
2011035470513,属性セット（標準）,dannyanne,,simple,Danny&Anne,ワンピース,タックドワンピース/FREE/GRAY,（未使用）,（未使用）,15750,FREE,GRAY,2011035470513,0,0,1,4,1,1,1,1,,,
2011035470711,属性セット（標準）,dannyanne,,simple,Danny&Anne,ワンピース,タックドワンピース/FREE/BLUE,（未使用）,（未使用）,15750,FREE,BLUE,2011035470711,0,0,1,4,1,1,1,1,,,
2011035470919,属性セット（標準）,dannyanne,,simple,Danny&Anne,ワンピース,タックドワンピース/FREE/YELLOW,（未使用）,（未使用）,15750,FREE,YELLOW,2011035470919,0,0,1,4,1,1,1,1,,,
2011035500135,属性セット（標準）,dannyanne,,simple,Danny&Anne,ワンピース,ワンショルダードレス/S/BLACK,（未使用）,（未使用）,26250,S,BLACK,2011035500135,0,0,1,4,1,1,1,1,,,
2011035500142,属性セット（標準）,dannyanne,,simple,Danny&Anne,ワンピース,ワンショルダードレス/M/BLACK,（未使用）,（未使用）,26250,M,BLACK,2011035500142,0,0,1,4,1,1,1,1,,,
2011036560633,属性セット（標準）,dannyanne,,simple,Danny&Anne,ワンピース,ジオメトリックプリントドレス/S/PINK,（未使用）,（未使用）,15750,S,PINK,2011036560633,0,0,1,4,1,1,1,1,,,
2011036560640,属性セット（標準）,dannyanne,,simple,Danny&Anne,ワンピース,ジオメトリックプリントドレス/M/PINK,（未使用）,（未使用）,15750,M,PINK,2011036560640,0,0,1,4,1,1,1,1,,,
2011036560831,属性セット（標準）,dannyanne,,simple,Danny&Anne,ワンピース,ジオメトリックプリントドレス/S/NAVY,（未使用）,（未使用）,15750,S,NAVY,2011036560831,0,0,1,4,1,1,1,1,,,
2011036560848,属性セット（標準）,dannyanne,,simple,Danny&Anne,ワンピース,ジオメトリックプリントドレス/M/NAVY,（未使用）,（未使用）,15750,M,NAVY,2011036560848,0,0,1,4,1,1,1,1,,,
2011036580112,属性セット（標準）,dannyanne,,simple,Danny&Anne,ワンピース,オフショルダーマキシドレス/FREE/BLACK,（未使用）,（未使用）,19950,FREE,BLACK,2011036580112,0,0,1,4,1,1,1,1,,,
2011036580419,属性セット（標準）,dannyanne,,simple,Danny&Anne,ワンピース,オフショルダーマキシドレス/FREE/BEIGE,（未使用）,（未使用）,19950,FREE,BEIGE,2011036580419,0,0,1,4,1,1,1,1,,,
2011036580716,属性セット（標準）,dannyanne,,simple,Danny&Anne,ワンピース,オフショルダーマキシドレス/FREE/BLUE,（未使用）,（未使用）,19950,FREE,BLUE,2011036580716,0,0,1,4,1,1,1,1,,,
2011036600438,属性セット（標準）,dannyanne,,simple,Danny&Anne,ワンピース,タックリボンドレス/S/BEIGE,（未使用）,（未使用）,13650,S,BEIGE,2011036600438,0,0,1,4,1,1,1,1,,,
2011036600445,属性セット（標準）,dannyanne,,simple,Danny&Anne,ワンピース,タックリボンドレス/M/BEIGE,（未使用）,（未使用）,13650,M,BEIGE,2011036600445,0,0,1,4,1,1,1,1,,,
2011036600735,属性セット（標準）,dannyanne,,simple,Danny&Anne,ワンピース,タックリボンドレス/S/BLUE,（未使用）,（未使用）,13650,S,BLUE,2011036600735,0,0,1,4,1,1,1,1,,,
2011036600742,属性セット（標準）,dannyanne,,simple,Danny&Anne,ワンピース,タックリボンドレス/M/BLUE,（未使用）,（未使用）,13650,M,BLUE,2011036600742,0,0,1,4,1,1,1,1,,,
2011037090412,属性セット（標準）,dannyanne,,simple,Danny&Anne,ワンピース,取り外しフリルニットワンピース/FREE/BEIGE,（未使用）,（未使用）,14700,FREE,BEIGE,2011037090412,0,0,1,4,1,1,1,1,,,
2011037090511,属性セット（標準）,dannyanne,,simple,Danny&Anne,ワンピース,取り外しフリルニットワンピース/FREE/GRAY,（未使用）,（未使用）,14700,FREE,GRAY,2011037090511,0,0,1,4,1,1,1,1,,,
2011045110119,属性セット（標準）,dannyanne,,simple,Danny&Anne,サロペット／オーバーオール,カシュクールショートサロペット/FREE/BLACK,（未使用）,（未使用）,12600,FREE,BLACK,2011045110119,0,0,1,4,1,1,1,1,,,
2011045111611,属性セット（標準）,dannyanne,,simple,Danny&Anne,サロペット／オーバーオール,カシュクールショートサロペット/FREE/SILVER,（未使用）,（未使用）,12600,FREE,SILVER,2011045111611,0,0,1,4,1,1,1,1,,,
2011045120415,属性セット（標準）,dannyanne,,simple,Danny&Anne,サロペット／オーバーオール,ワンショルダーサロペット/FREE/BEIGE,（未使用）,（未使用）,13650,FREE,BEIGE,2011045120415,0,0,1,4,1,1,1,1,,,
2011045120514,属性セット（標準）,dannyanne,,simple,Danny&Anne,サロペット／オーバーオール,ワンショルダーサロペット/FREE/GRAY,（未使用）,（未使用）,13650,FREE,GRAY,2011045120514,0,0,1,4,1,1,1,1,,,
2011046570219,属性セット（標準）,dannyanne,,simple,Danny&Anne,サロペット／オーバーオール,ボーダー×無地コンビメゾン/FREE/WHITE,（未使用）,（未使用）,13650,FREE,WHITE,2011046570219,0,0,1,4,1,1,1,1,,,
2011046570417,属性セット（標準）,dannyanne,,simple,Danny&Anne,サロペット／オーバーオール,ボーダー×無地コンビメゾン/FREE/BEIGE,（未使用）,（未使用）,13650,FREE,BEIGE,2011046570417,0,0,1,4,1,1,1,1,,,
2011046570516,属性セット（標準）,dannyanne,,simple,Danny&Anne,サロペット／オーバーオール,ボーダー×無地コンビメゾン/FREE/GRAY,（未使用）,（未使用）,13650,FREE,GRAY,2011046570516,0,0,1,4,1,1,1,1,,,
2011054280131,属性セット（標準）,dannyanne,,simple,Danny&Anne,スカート,ティアードタックスカート/S/BLACK,（未使用）,（未使用）,13650,S,BLACK,2011054280131,0,0,1,4,1,1,1,1,,,
2011054280148,属性セット（標準）,dannyanne,,simple,Danny&Anne,スカート,ティアードタックスカート/M/BLACK,（未使用）,（未使用）,13650,M,BLACK,2011054280148,0,0,1,4,1,1,1,1,,,
2011054281633,属性セット（標準）,dannyanne,,simple,Danny&Anne,スカート,ティアードタックスカート/S/SILVER,（未使用）,（未使用）,13650,S,SILVER,2011054281633,0,0,1,4,1,1,1,1,,,
2011054281640,属性セット（標準）,dannyanne,,simple,Danny&Anne,スカート,ティアードタックスカート/M/SILVER,（未使用）,（未使用）,13650,M,SILVER,2011054281640,0,0,1,4,1,1,1,1,,,
2011055620134,属性セット（標準）,dannyanne,,simple,Danny&Anne,スカート,形状記憶タフタフレアースカート/S/BLACK,（未使用）,（未使用）,14700,S,BLACK,2011055620134,0,0,1,4,1,1,1,1,,,
2011055620141,属性セット（標準）,dannyanne,,simple,Danny&Anne,スカート,形状記憶タフタフレアースカート/M/BLACK,（未使用）,（未使用）,14700,M,BLACK,2011055620141,0,0,1,4,1,1,1,1,,,
2011055621636,属性セット（標準）,dannyanne,,simple,Danny&Anne,スカート,形状記憶タフタフレアースカート/S/SILVER,（未使用）,（未使用）,14700,S,SILVER,2011055621636,0,0,1,4,1,1,1,1,,,
2011055621643,属性セット（標準）,dannyanne,,simple,Danny&Anne,スカート,形状記憶タフタフレアースカート/M/SILVER,（未使用）,（未使用）,14700,M,SILVER,2011055621643,0,0,1,4,1,1,1,1,,,
2011055630119,属性セット（標準）,dannyanne,,simple,Danny&Anne,スカート,ラップスカート/FREE/BLACK,（未使用）,（未使用）,12600,FREE,BLACK,2011055630119,0,0,1,4,1,1,1,1,,,
2011055630416,属性セット（標準）,dannyanne,,simple,Danny&Anne,スカート,ラップスカート/FREE/BEIGE,（未使用）,（未使用）,12600,FREE,BEIGE,2011055630416,0,0,1,4,1,1,1,1,,,
2011064290410,属性セット（標準）,dannyanne,,simple,Danny&Anne,ショートパンツ,ファスナーポケットショートパンツ/FREE/BEIGE,（未使用）,（未使用）,11550,FREE,BEIGE,2011064290410,0,0,1,4,1,1,1,1,,,
2011064290519,属性セット（標準）,dannyanne,,simple,Danny&Anne,ショートパンツ,ファスナーポケットショートパンツ/FREE/GRAY,（未使用）,（未使用）,11550,FREE,GRAY,2011064290519,0,0,1,4,1,1,1,1,,,
2011064290816,属性セット（標準）,dannyanne,,simple,Danny&Anne,ショートパンツ,ファスナーポケットショートパンツ/FREE/NAVY,（未使用）,（未使用）,11550,FREE,NAVY,2011064290816,0,0,1,4,1,1,1,1,,,
2011064300133,属性セット（標準）,dannyanne,,simple,Danny&Anne,ショートパンツ,2WAYラップショートパンツ/S/BLACK,（未使用）,（未使用）,13650,S,BLACK,2011064300133,0,0,1,4,1,1,1,1,,,
2011064300140,属性セット（標準）,dannyanne,,simple,Danny&Anne,ショートパンツ,2WAYラップショートパンツ/M/BLACK,（未使用）,（未使用）,13650,M,BLACK,2011064300140,0,0,1,4,1,1,1,1,,,
2011064300638,属性セット（標準）,dannyanne,,simple,Danny&Anne,ショートパンツ,2WAYラップショートパンツ/S/PINK,（未使用）,（未使用）,13650,S,PINK,2011064300638,0,0,1,4,1,1,1,1,,,
2011064300645,属性セット（標準）,dannyanne,,simple,Danny&Anne,ショートパンツ,2WAYラップショートパンツ/M/PINK,（未使用）,（未使用）,13650,M,PINK,2011064300645,0,0,1,4,1,1,1,1,,,
2011064300737,属性セット（標準）,dannyanne,,simple,Danny&Anne,ショートパンツ,2WAYラップショートパンツ/S/BLUE,（未使用）,（未使用）,13650,S,BLUE,2011064300737,0,0,1,4,1,1,1,1,,,
2011064300744,属性セット（標準）,dannyanne,,simple,Danny&Anne,ショートパンツ,2WAYラップショートパンツ/M/BLUE,（未使用）,（未使用）,13650,M,BLUE,2011064300744,0,0,1,4,1,1,1,1,,,
2011064340511,属性セット（標準）,dannyanne,,simple,Danny&Anne,ショートパンツ,レース×裏起毛スウェットショートパンツ/FREE/GRAY,（未使用）,（未使用）,10290,FREE,GRAY,2011064340511,0,0,1,4,1,1,1,1,,,
2011064342416,属性セット（標準）,dannyanne,,simple,Danny&Anne,ショートパンツ,レース×裏起毛スウェットショートパンツ/FREE/D/GRAY,（未使用）,（未使用）,10290,FREE,D/GRAY,2011064342416,0,0,1,4,1,1,1,1,,,
2011065420137,属性セット（標準）,dannyanne,,simple,Danny&Anne,ショートパンツ,プリントサテンキュロット/S/BLACK,（未使用）,（未使用）,15750,S,BLACK,2011065420137,0,0,1,4,1,1,1,1,,,
2011065420144,属性セット（標準）,dannyanne,,simple,Danny&Anne,ショートパンツ,プリントサテンキュロット/M/BLACK,（未使用）,（未使用）,15750,M,BLACK,2011065420144,0,0,1,4,1,1,1,1,,,
2011065420236,属性セット（標準）,dannyanne,,simple,Danny&Anne,ショートパンツ,プリントサテンキュロット/S/WHITE,（未使用）,（未使用）,15750,S,WHITE,2011065420236,0,0,1,4,1,1,1,1,,,
2011065420243,属性セット（標準）,dannyanne,,simple,Danny&Anne,ショートパンツ,プリントサテンキュロット/M/WHITE,（未使用）,（未使用）,15750,M,WHITE,2011065420243,0,0,1,4,1,1,1,1,,,
2011074350531,属性セット（標準）,dannyanne,,simple,Danny&Anne,パンツ,裏起毛スウェットパンツ/S/GRAY,（未使用）,（未使用）,9350,S,GRAY,2011074350531,0,0,1,4,1,1,1,1,,,
2011074350548,属性セット（標準）,dannyanne,,simple,Danny&Anne,パンツ,裏起毛スウェットパンツ/M/GRAY,（未使用）,（未使用）,9350,M,GRAY,2011074350548,0,0,1,4,1,1,1,1,,,
2011074350838,属性セット（標準）,dannyanne,,simple,Danny&Anne,パンツ,裏起毛スウェットパンツ/S/NAVY,（未使用）,（未使用）,9350,S,NAVY,2011074350838,0,0,1,4,1,1,1,1,,,
2011074350845,属性セット（標準）,dannyanne,,simple,Danny&Anne,パンツ,裏起毛スウェットパンツ/M/NAVY,（未使用）,（未使用）,9350,M,NAVY,2011074350845,0,0,1,4,1,1,1,1,,,
2011075440217,属性セット（標準）,dannyanne,,simple,Danny&Anne,パンツ,フラワープリントパンツ/FREE/WHITE,（未使用）,（未使用）,10290,FREE,WHITE,2011075440217,0,0,1,4,1,1,1,1,,,
2011075440811,属性セット（標準）,dannyanne,,simple,Danny&Anne,パンツ,フラワープリントパンツ/FREE/NAVY,（未使用）,（未使用）,10290,FREE,NAVY,2011075440811,0,0,1,4,1,1,1,1,,,
2011075640136,属性セット（標準）,dannyanne,,simple,Danny&Anne,パンツ,ウェストスタッズパンツ/S/BLACK,（未使用）,（未使用）,12600,S,BLACK,2011075640136,0,0,1,4,1,1,1,1,,,
2011075640143,属性セット（標準）,dannyanne,,simple,Danny&Anne,パンツ,ウェストスタッズパンツ/M/BLACK,（未使用）,（未使用）,12600,M,BLACK,2011075640143,0,0,1,4,1,1,1,1,,,
2011075640433,属性セット（標準）,dannyanne,,simple,Danny&Anne,パンツ,ウェストスタッズパンツ/S/BEIGE,（未使用）,（未使用）,12600,S,BEIGE,2011075640433,0,0,1,4,1,1,1,1,,,
2011075640440,属性セット（標準）,dannyanne,,simple,Danny&Anne,パンツ,ウェストスタッズパンツ/M/BEIGE,（未使用）,（未使用）,12600,M,BEIGE,2011075640440,0,0,1,4,1,1,1,1,,,
2011075670119,属性セット（標準）,dannyanne,,simple,Danny&Anne,パンツ,サテンパンツ/FREE/BLACK,（未使用）,（未使用）,9350,FREE,BLACK,2011075670119,0,0,1,4,1,1,1,1,,,
2011098540413,属性セット（標準）,dannyanne,,simple,Danny&Anne,グッズ,チェーンBAG/FREE/BEIGE,（未使用）,（未使用）,17850,FREE,BEIGE,2011098540413,0,0,1,4,1,1,1,1,,,
2011098540512,属性セット（標準）,dannyanne,,simple,Danny&Anne,グッズ,チェーンBAG/FREE/GRAY,（未使用）,（未使用）,17850,FREE,GRAY,2011098540512,0,0,1,4,1,1,1,1,,,
2011098550412,属性セット（標準）,dannyanne,,simple,Danny&Anne,グッズ,タッセルBAG/FREE/BEIGE,（未使用）,（未使用）,17850,FREE,BEIGE,2011098550412,0,0,1,4,1,1,1,1,,,
2011098550610,属性セット（標準）,dannyanne,,simple,Danny&Anne,グッズ,タッセルBAG/FREE/PINK,（未使用）,（未使用）,17850,FREE,PINK,2011098550610,0,0,1,4,1,1,1,1,,,
2011108710133,属性セット（標準）,dannyanne,,simple,Danny&Anne,シューズ,ローヒールパンプス/S/BLACK,（未使用）,（未使用）,15750,S,BLACK,2011108710133,0,0,1,4,1,1,1,1,,,
2011108710140,属性セット（標準）,dannyanne,,simple,Danny&Anne,シューズ,ローヒールパンプス/M/BLACK,（未使用）,（未使用）,15750,M,BLACK,2011108710140,0,0,1,4,1,1,1,1,,,
2011108710157,属性セット（標準）,dannyanne,,simple,Danny&Anne,シューズ,ローヒールパンプス/L/BLACK,（未使用）,（未使用）,15750,L,BLACK,2011108710157,0,0,1,4,1,1,1,1,,,
2011108710164,属性セット（標準）,dannyanne,,simple,Danny&Anne,シューズ,ローヒールパンプス/LL/BLACK,（未使用）,（未使用）,15750,LL,BLACK,2011108710164,0,0,1,4,1,1,1,1,,,
2011108720736,属性セット（標準）,dannyanne,,simple,Danny&Anne,シューズ,ローヒールパンプス/S/BLUE,（未使用）,（未使用）,15750,S,BLUE,2011108720736,0,0,1,4,1,1,1,1,,,
2011108720743,属性セット（標準）,dannyanne,,simple,Danny&Anne,シューズ,ローヒールパンプス/M/BLUE,（未使用）,（未使用）,15750,M,BLUE,2011108720743,0,0,1,4,1,1,1,1,,,
2011108720750,属性セット（標準）,dannyanne,,simple,Danny&Anne,シューズ,ローヒールパンプス/L/BLUE,（未使用）,（未使用）,15750,L,BLUE,2011108720750,0,0,1,4,1,1,1,1,,,
2011108720767,属性セット（標準）,dannyanne,,simple,Danny&Anne,シューズ,ローヒールパンプス/LL/BLUE,（未使用）,（未使用）,15750,LL,BLUE,2011108720767,0,0,1,4,1,1,1,1,,,
2011108730131,属性セット（標準）,dannyanne,,simple,Danny&Anne,シューズ,ウェッジソールパンプス/S/BLACK,（未使用）,（未使用）,25200,S,BLACK,2011108730131,0,0,1,4,1,1,1,1,,,
2011108730148,属性セット（標準）,dannyanne,,simple,Danny&Anne,シューズ,ウェッジソールパンプス/M/BLACK,（未使用）,（未使用）,25200,M,BLACK,2011108730148,0,0,1,4,1,1,1,1,,,
2011108730155,属性セット（標準）,dannyanne,,simple,Danny&Anne,シューズ,ウェッジソールパンプス/L/BLACK,（未使用）,（未使用）,25200,L,BLACK,2011108730155,0,0,1,4,1,1,1,1,,,
2011108730162,属性セット（標準）,dannyanne,,simple,Danny&Anne,シューズ,ウェッジソールパンプス/LL/BLACK,（未使用）,（未使用）,25200,LL,BLACK,2011108730162,0,0,1,4,1,1,1,1,,,
2011108730438,属性セット（標準）,dannyanne,,simple,Danny&Anne,シューズ,ウェッジソールパンプス/S/BEIGE,（未使用）,（未使用）,25200,S,BEIGE,2011108730438,0,0,1,4,1,1,1,1,,,
2011108730445,属性セット（標準）,dannyanne,,simple,Danny&Anne,シューズ,ウェッジソールパンプス/M/BEIGE,（未使用）,（未使用）,25200,M,BEIGE,2011108730445,0,0,1,4,1,1,1,1,,,
2011108730452,属性セット（標準）,dannyanne,,simple,Danny&Anne,シューズ,ウェッジソールパンプス/L/BEIGE,（未使用）,（未使用）,25200,L,BEIGE,2011108730452,0,0,1,4,1,1,1,1,,,
2011108730469,属性セット（標準）,dannyanne,,simple,Danny&Anne,シューズ,ウェッジソールパンプス/LL/BEIGE,（未使用）,（未使用）,25200,LL,BEIGE,2011108730469,0,0,1,4,1,1,1,1,,,
2011108740031,属性セット（標準）,dannyanne,,simple,Danny&Anne,シューズ,ウェッジソールパンプス/S/その他,（未使用）,（未使用）,25200,S,その他,2011108740031,0,0,1,4,1,1,1,1,,,
2011108740048,属性セット（標準）,dannyanne,,simple,Danny&Anne,シューズ,ウェッジソールパンプス/M/その他,（未使用）,（未使用）,25200,M,その他,2011108740048,0,0,1,4,1,1,1,1,,,
2011108740055,属性セット（標準）,dannyanne,,simple,Danny&Anne,シューズ,ウェッジソールパンプス/L/その他,（未使用）,（未使用）,25200,L,その他,2011108740055,0,0,1,4,1,1,1,1,,,
2011108740062,属性セット（標準）,dannyanne,,simple,Danny&Anne,シューズ,ウェッジソールパンプス/LL/その他,（未使用）,（未使用）,25200,LL,その他,2011108740062,0,0,1,4,1,1,1,1,,,
201101518,属性セット（標準）,dannyanne,,configurable,Danny&Anne,アウター,テーラードジャケット,テーラードジャケット概要,テーラードジャケット詳細説明文,25200,,,201101518,1,1,1,4,4,0,1,1,2011015180111,size,FREE
,,,,,,,,,,,,,,,,,,,,,,2011015180418,color,BEIGE
,,,,,,,,,,,,,,,,,,,,,,2011015180111,color,BLACK
201101659,属性セット（標準）,dannyanne,,configurable,Danny&Anne,アウター,ノーカラーライダースジャケット,ノーカラーライダースジャケット概要,ノーカラーライダースジャケット詳細説明文,19950,,,201101659,1,1,1,4,4,0,1,1,2011016590438,color,BEIGE
,,,,,,,,,,,,,,,,,,,,,,2011016590148,color,BLACK
,,,,,,,,,,,,,,,,,,,,,,2011016590445,color,BEIGE
,,,,,,,,,,,,,,,,,,,,,,2011016590148,size,M
,,,,,,,,,,,,,,,,,,,,,,2011016590131,size,S
,,,,,,,,,,,,,,,,,,,,,,2011016590131,color,BLACK
201102405,属性セット（標準）,dannyanne,,configurable,Danny&Anne,トップス,アシンメトリーフレアーノースリーブ,アシンメトリーフレアーノースリーブ概要,アシンメトリーフレアーノースリーブ詳細説明文,12600,,,201102405,1,1,1,4,4,0,1,1,2011024050214,color,WHITE
,,,,,,,,,,,,,,,,,,,,,,2011024050412,color,BEIGE
,,,,,,,,,,,,,,,,,,,,,,2011024050214,size,FREE
201102416,属性セット（標準）,dannyanne,,configurable,Danny&Anne,トップス,シフォンフレアージレ,シフォンフレアージレ概要,シフォンフレアージレ詳細説明文,11550,,,201102416,1,1,1,4,4,0,1,1,2011024160111,color,BLACK
,,,,,,,,,,,,,,,,,,,,,,2011024160210,color,WHITE
,,,,,,,,,,,,,,,,,,,,,,2011024160111,size,FREE
201102419,属性セット（標準）,dannyanne,,configurable,Danny&Anne,トップス,スリットスリーブシャツ,スリットスリーブシャツ概要,スリットスリーブシャツ詳細説明文,11550,,,201102419,1,1,1,4,4,0,1,1,2011024190439,color,BEIGE
,,,,,,,,,,,,,,,,,,,,,,2011024190248,color,WHITE
,,,,,,,,,,,,,,,,,,,,,,2011024190446,color,BEIGE
,,,,,,,,,,,,,,,,,,,,,,2011024190248,size,M
,,,,,,,,,,,,,,,,,,,,,,2011024190231,size,S
,,,,,,,,,,,,,,,,,,,,,,2011024190231,color,WHITE
201102420,属性セット（標準）,dannyanne,,configurable,Danny&Anne,トップス,ポンチョシャツ(BLUE),ポンチョシャツ(BLUE)概要,ポンチョシャツ(BLUE)詳細説明文,12600,,,201102420,1,1,1,4,4,0,1,1,2011024200718,color,BLUE
,,,,,,,,,,,,,,,,,,,,,,2011024200718,size,FREE
201102421,属性セット（標準）,dannyanne,,configurable,Danny&Anne,トップス,アシンメトリーフレアブラウス,アシンメトリーフレアブラウス概要,アシンメトリーフレアブラウス詳細説明文,15750,,,201102421,1,1,1,4,4,0,1,1,2011024210847,color,NAVY
,,,,,,,,,,,,,,,,,,,,,,2011024210243,color,WHITE
,,,,,,,,,,,,,,,,,,,,,,2011024210830,color,NAVY
,,,,,,,,,,,,,,,,,,,,,,2011024210243,size,M
,,,,,,,,,,,,,,,,,,,,,,2011024210236,color,WHITE
,,,,,,,,,,,,,,,,,,,,,,2011024210236,size,S
201102422,属性セット（標準）,dannyanne,,configurable,Danny&Anne,トップス,ボウタイロングシャツ,ボウタイロングシャツ概要,ボウタイロングシャツ詳細説明文,12600,,,201102422,1,1,1,4,4,0,1,1,2011024220815,color,NAVY
,,,,,,,,,,,,,,,,,,,,,,2011024220419,color,BEIGE
,,,,,,,,,,,,,,,,,,,,,,2011024220211,color,WHITE
,,,,,,,,,,,,,,,,,,,,,,2011024220211,size,FREE
201102427,属性セット（標準）,dannyanne,,configurable,Danny&Anne,トップス,ぺプラムシャツ,ぺプラムシャツ概要,ぺプラムシャツ詳細説明文,11550,,,201102427,1,1,1,4,4,0,1,1,2011024270735,color,BLUE
,,,,,,,,,,,,,,,,,,,,,,2011024270438,color,BEIGE
,,,,,,,,,,,,,,,,,,,,,,2011024270742,color,BLUE
,,,,,,,,,,,,,,,,,,,,,,2011024270445,color,BEIGE
,,,,,,,,,,,,,,,,,,,,,,2011024270247,color,WHITE
,,,,,,,,,,,,,,,,,,,,,,2011024270247,size,M
,,,,,,,,,,,,,,,,,,,,,,2011024270230,color,WHITE
,,,,,,,,,,,,,,,,,,,,,,2011024270230,size,S
201102431,属性セット（標準）,dannyanne,,configurable,Danny&Anne,トップス,レース×裏起毛スウェットプルオーバー,レース×裏起毛スウェットプルオーバー概要,レース×裏起毛スウェットプルオーバー詳細説明文,12600,,,201102431,1,1,1,4,4,0,1,1,2011024310219,color,WHITE
,,,,,,,,,,,,,,,,,,,,,,2011024310219,size,FREE
201102432,属性セット（標準）,dannyanne,,configurable,Danny&Anne,トップス,レース×ジョーゼットノースリーブ,レース×ジョーゼットノースリーブ概要,レース×ジョーゼットノースリーブ詳細説明文,11550,,,201102432,1,1,1,4,4,0,1,1,2011024320447,color,BEIGE
,,,,,,,,,,,,,,,,,,,,,,2011024320249,color,WHITE
,,,,,,,,,,,,,,,,,,,,,,2011024320430,color,BEIGE
,,,,,,,,,,,,,,,,,,,,,,2011024320249,size,M
,,,,,,,,,,,,,,,,,,,,,,2011024320232,color,WHITE
,,,,,,,,,,,,,,,,,,,,,,2011024320232,size,S
201102433,属性セット（標準）,dannyanne,,configurable,Danny&Anne,トップス,レース×ジョーゼットワンピース,レース×ジョーゼットワンピース概要,レース×ジョーゼットワンピース詳細説明文,13650,,,201102433,1,1,1,4,4,0,1,1,2011024330835,color,NAVY
,,,,,,,,,,,,,,,,,,,,,,2011024330842,color,NAVY
,,,,,,,,,,,,,,,,,,,,,,2011024330248,color,WHITE
,,,,,,,,,,,,,,,,,,,,,,2011024330248,size,M
,,,,,,,,,,,,,,,,,,,,,,2011024330231,color,WHITE
,,,,,,,,,,,,,,,,,,,,,,2011024330231,size,S
201102465,属性セット（標準）,dannyanne,,configurable,Danny&Anne,トップス,レース×天竺キャミソール,レース×天竺キャミソール概要,レース×天竺キャミソール詳細説明文,5780,,,201102465,1,1,1,4,4,0,1,1,2011024650148,color,BLACK
,,,,,,,,,,,,,,,,,,,,,,2011024650247,color,WHITE
,,,,,,,,,,,,,,,,,,,,,,2011024650230,color,WHITE
,,,,,,,,,,,,,,,,,,,,,,2011024650148,size,M
,,,,,,,,,,,,,,,,,,,,,,2011024650131,color,BLACK
,,,,,,,,,,,,,,,,,,,,,,2011024650131,size,S
201102466,属性セット（標準）,dannyanne,,configurable,Danny&Anne,トップス,バッククロスベアトップ,バッククロスベアトップ概要,バッククロスベアトップ詳細説明文,3990,,,201102466,1,1,1,4,4,0,1,1,2011024660116,color,BLACK
,,,,,,,,,,,,,,,,,,,,,,2011024660512,color,GRAY
,,,,,,,,,,,,,,,,,,,,,,2011024660116,size,FREE
201102475,属性セット（標準）,dannyanne,,configurable,Danny&Anne,トップス,レース×裏起毛スウェットプルオーバー,レース×裏起毛スウェットプルオーバー概要,レース×裏起毛スウェットプルオーバー詳細説明文,12600,,,201102475,1,1,1,4,4,0,1,1,2011024750510,color,GRAY
,,,,,,,,,,,,,,,,,,,,,,2011024750510,size,FREE
201102476,属性セット（標準）,dannyanne,,configurable,Danny&Anne,トップス,ポンチョシャツ(WHITE),ポンチョシャツ(WHITE)概要,ポンチョシャツ(WHITE)詳細説明文,12600,,,201102476,1,1,1,4,4,0,1,1,2011024760212,color,WHITE
,,,,,,,,,,,,,,,,,,,,,,2011024760212,size,FREE
201102501,属性セット（標準）,dannyanne,,configurable,Danny&Anne,トップス,バックリボンフレアーチュニック,バックリボンフレアーチュニック概要,バックリボンフレアーチュニック詳細説明文,10500,,,201102501,1,1,1,4,4,0,1,1,2011025010910,color,YELLOW
,,,,,,,,,,,,,,,,,,,,,,2011025010217,size,FREE
,,,,,,,,,,,,,,,,,,,,,,2011025010217,color,WHITE
201102502,属性セット（標準）,dannyanne,,configurable,Danny&Anne,トップス,アシンメトリーフレアーヘムブラウス,アシンメトリーフレアーヘムブラウス概要,アシンメトリーフレアーヘムブラウス詳細説明文,12600,,,201102502,1,1,1,4,4,0,1,1,2011025020438,color,BEIGE
,,,,,,,,,,,,,,,,,,,,,,2011025020445,color,BEIGE
,,,,,,,,,,,,,,,,,,,,,,2011025020148,color,BLACK
,,,,,,,,,,,,,,,,,,,,,,2011025020148,size,M
,,,,,,,,,,,,,,,,,,,,,,2011025020131,color,BLACK
,,,,,,,,,,,,,,,,,,,,,,2011025020131,size,S
201102503,属性セット（標準）,dannyanne,,configurable,Danny&Anne,トップス,アシンメトリードレープノースリーブ,アシンメトリードレープノースリーブ概要,アシンメトリードレープノースリーブ詳細説明文,9350,,,201102503,1,1,1,4,4,0,1,1,2011025030413,color,BEIGE
,,,,,,,,,,,,,,,,,,,,,,2011025030116,color,BLACK
,,,,,,,,,,,,,,,,,,,,,,2011025030116,size,FREE
201102517,属性セット（標準）,dannyanne,,configurable,Danny&Anne,トップス,バイカラーテーラードジレ,バイカラーテーラードジレ概要,バイカラーテーラードジレ詳細説明文,18900,,,201102517,1,1,1,4,4,0,1,1,2011025170416,color,BEIGE
,,,,,,,,,,,,,,,,,,,,,,2011025170515,color,GRAY
,,,,,,,,,,,,,,,,,,,,,,2011025170416,size,FREE
201102540,属性セット（標準）,dannyanne,,configurable,Danny&Anne,トップス,プリントシフォンフレアースリーブブラウス,プリントシフォンフレアースリーブブラウス概要,プリントシフォンフレアースリーブブラウス詳細説明文,13650,,,201102540,1,1,1,4,4,0,1,1,2011025400216,color,WHITE
,,,,,,,,,,,,,,,,,,,,,,2011025400117,color,BLACK
,,,,,,,,,,,,,,,,,,,,,,2011025400117,size,FREE
201102541,属性セット（標準）,dannyanne,,configurable,Danny&Anne,トップス,プリントサテンチュニック,プリントサテンチュニック概要,プリントサテンチュニック詳細説明文,14700,,,201102541,1,1,1,4,4,0,1,1,2011025410215,color,WHITE
,,,,,,,,,,,,,,,,,,,,,,2011025410116,color,BLACK
,,,,,,,,,,,,,,,,,,,,,,2011025410116,size,FREE
201102543,属性セット（標準）,dannyanne,,configurable,Danny&Anne,トップス,フラワープリントフレアーノースリーブ,フラワープリントフレアーノースリーブ概要,フラワープリントフレアーノースリーブ詳細説明文,15750,,,201102543,1,1,1,4,4,0,1,1,2011025430213,color,WHITE
,,,,,,,,,,,,,,,,,,,,,,2011025430817,color,NAVY
,,,,,,,,,,,,,,,,,,,,,,2011025430213,size,FREE
201102546,属性セット（標準）,dannyanne,,configurable,Danny&Anne,トップス,レザー切り替えトップス,レザー切り替えトップス概要,レザー切り替えトップス詳細説明文,12600,,,201102546,1,1,1,4,4,0,1,1,2011025460418,color,BEIGE
,,,,,,,,,,,,,,,,,,,,,,2011025460111,color,BLACK
,,,,,,,,,,,,,,,,,,,,,,2011025460111,size,FREE
201102604,属性セット（標準）,dannyanne,,configurable,Danny&Anne,トップス,3WAYキャミソール,3WAYキャミソール概要,3WAYキャミソール詳細説明文,9350,,,201102604,1,1,1,4,4,0,1,1,2011026040411,color,BEIGE
,,,,,,,,,,,,,,,,,,,,,,2011026040510,color,GRAY
,,,,,,,,,,,,,,,,,,,,,,2011026040114,color,BLACK
,,,,,,,,,,,,,,,,,,,,,,2011026040114,size,FREE
201102606,属性セット（標準）,dannyanne,,configurable,Danny&Anne,トップス,ギャザースリーブブラウス,ギャザースリーブブラウス概要,ギャザースリーブブラウス詳細説明文,12600,,,201102606,1,1,1,4,4,0,1,1,2011026060211,color,WHITE
,,,,,,,,,,,,,,,,,,,,,,2011026060419,color,BEIGE
,,,,,,,,,,,,,,,,,,,,,,2011026060112,color,BLACK
,,,,,,,,,,,,,,,,,,,,,,2011026060112,size,FREE
201102654,属性セット（標準）,dannyanne,,configurable,Danny&Anne,トップス,バイカラードチュニック,バイカラードチュニック概要,バイカラードチュニック詳細説明文,12600,,,201102654,1,1,1,4,4,0,1,1,2011026540515,color,GRAY
,,,,,,,,,,,,,,,,,,,,,,2011026540416,color,BEIGE
,,,,,,,,,,,,,,,,,,,,,,2011026540416,size,FREE
201102655,属性セット（標準）,dannyanne,,configurable,Danny&Anne,トップス,バックジップトップス,バックジップトップス概要,バックジップトップス詳細説明文,10290,,,201102655,1,1,1,4,4,0,1,1,2011026550415,color,BEIGE
,,,,,,,,,,,,,,,,,,,,,,2011026550712,color,BLUE
,,,,,,,,,,,,,,,,,,,,,,2011026550118,color,BLACK
,,,,,,,,,,,,,,,,,,,,,,2011026550118,size,FREE
201102668,属性セット（標準）,dannyanne,,configurable,Danny&Anne,トップス,キャミソール,キャミソール概要,キャミソール詳細説明文,3990,,,201102668,1,1,1,4,4,0,1,1,2011026680518,color,GRAY
,,,,,,,,,,,,,,,,,,,,,,2011026680716,color,BLUE
,,,,,,,,,,,,,,,,,,,,,,2011026680419,color,BEIGE
,,,,,,,,,,,,,,,,,,,,,,2011026680211,color,WHITE
,,,,,,,,,,,,,,,,,,,,,,2011026680112,size,FREE
,,,,,,,,,,,,,,,,,,,,,,2011026680112,color,BLACK
201102669,属性セット（標準）,dannyanne,,configurable,Danny&Anne,トップス,タンクトップ,タンクトップ概要,タンクトップ詳細説明文,3990,,,201102669,1,1,1,4,4,0,1,1,2011026690517,color,GRAY
,,,,,,,,,,,,,,,,,,,,,,2011026690418,color,BEIGE
,,,,,,,,,,,,,,,,,,,,,,2011026690715,color,BLUE
,,,,,,,,,,,,,,,,,,,,,,2011026690111,color,BLACK
,,,,,,,,,,,,,,,,,,,,,,2011026690111,size,FREE
,,,,,,,,,,,,,,,,,,,,,,2011026690210,color,WHITE
201102670,属性セット（標準）,dannyanne,,configurable,Danny&Anne,トップス,ショルダータックタンクトップ,ショルダータックタンクトップ概要,ショルダータックタンクトップ詳細説明文,3990,,,201102670,1,1,1,4,4,0,1,1,2011026700513,color,GRAY
,,,,,,,,,,,,,,,,,,,,,,2011026700711,color,BLUE
,,,,,,,,,,,,,,,,,,,,,,2011026700414,color,BEIGE
,,,,,,,,,,,,,,,,,,,,,,2011026700216,color,WHITE
,,,,,,,,,,,,,,,,,,,,,,2011026700117,size,FREE
,,,,,,,,,,,,,,,,,,,,,,2011026700117,color,BLACK
201102707,属性セット（標準）,dannyanne,,configurable,Danny&Anne,トップス,ショルダーフリルニットノースリーブ,ショルダーフリルニットノースリーブ概要,ショルダーフリルニットノースリーブ詳細説明文,12600,,,201102707,1,1,1,4,4,0,1,1,2011027070516,color,GRAY
,,,,,,,,,,,,,,,,,,,,,,2011027070417,color,BEIGE
,,,,,,,,,,,,,,,,,,,,,,2011027070110,size,FREE
,,,,,,,,,,,,,,,,,,,,,,2011027070110,color,BLACK
201102715,属性セット（標準）,dannyanne,,configurable,Danny&Anne,トップス,ハイゲージニットカーディガン,ハイゲージニットカーディガン概要,ハイゲージニットカーディガン詳細説明文,14700,,,201102715,1,1,1,4,4,0,1,1,2011027150812,color,NAVY
,,,,,,,,,,,,,,,,,,,,,,2011027150515,color,GRAY
,,,,,,,,,,,,,,,,,,,,,,2011027150416,color,BEIGE
,,,,,,,,,,,,,,,,,,,,,,2011027150416,size,FREE
201102727,属性セット（標準）,dannyanne,,configurable,Danny&Anne,トップス,麻ニットプルオーバー,麻ニットプルオーバー概要,麻ニットプルオーバー詳細説明文,11550,,,201102727,1,1,1,4,4,0,1,1,2011027270718,color,BLUE
,,,,,,,,,,,,,,,,,,,,,,2011027270916,color,YELLOW
,,,,,,,,,,,,,,,,,,,,,,2011027270619,color,PINK
,,,,,,,,,,,,,,,,,,,,,,2011027270213,color,WHITE
,,,,,,,,,,,,,,,,,,,,,,2011027270213,size,FREE
201102752,属性セット（標準）,dannyanne,,configurable,Danny&Anne,トップス,ニットカーディガン,ニットカーディガン概要,ニットカーディガン詳細説明文,15750,,,201102752,1,1,1,4,4,0,1,1,2011027520417,color,BEIGE
,,,,,,,,,,,,,,,,,,,,,,2011027520110,size,FREE
,,,,,,,,,,,,,,,,,,,,,,2011027520110,color,BLACK
201102753,属性セット（標準）,dannyanne,,configurable,Danny&Anne,トップス,フリンジニット,フリンジニット概要,フリンジニット詳細説明文,15750,,,201102753,1,1,1,4,4,0,1,1,2011027530416,color,BEIGE
,,,,,,,,,,,,,,,,,,,,,,2011027530119,size,FREE
,,,,,,,,,,,,,,,,,,,,,,2011027530119,color,BLACK
201103423,属性セット（標準）,dannyanne,,configurable,Danny&Anne,ワンピース,バックプリーツノースリーブシャツワンピース,バックプリーツノースリーブシャツワンピース概要,バックプリーツノースリーブシャツワンピース詳細説明文,12600,,,201103423,1,1,1,4,4,0,1,1,2011034230743,color,BLUE
,,,,,,,,,,,,,,,,,,,,,,2011034230934,color,YELLOW
,,,,,,,,,,,,,,,,,,,,,,2011034230941,color,YELLOW
,,,,,,,,,,,,,,,,,,,,,,2011034230736,color,BLUE
,,,,,,,,,,,,,,,,,,,,,,2011034230637,size,S
,,,,,,,,,,,,,,,,,,,,,,2011034230644,color,PINK
,,,,,,,,,,,,,,,,,,,,,,2011034230637,color,PINK
,,,,,,,,,,,,,,,,,,,,,,2011034230644,size,M
201103436,属性セット（標準）,dannyanne,,configurable,Danny&Anne,ワンピース,裏起毛スウェットワンピース,裏起毛スウェットワンピース概要,裏起毛スウェットワンピース詳細説明文,12600,,,201103436,1,1,1,4,4,0,1,1,2011034360549,color,GRAY
,,,,,,,,,,,,,,,,,,,,,,2011034362444,color,D/GRAY
,,,,,,,,,,,,,,,,,,,,,,2011034362437,color,D/GRAY
,,,,,,,,,,,,,,,,,,,,,,2011034360549,size,M
,,,,,,,,,,,,,,,,,,,,,,2011034360532,size,S
,,,,,,,,,,,,,,,,,,,,,,2011034360532,color,GRAY
201103510,属性セット（標準）,dannyanne,,configurable,Danny&Anne,ワンピース,2wayチュールスカートドレス,2wayチュールスカートドレス概要,2wayチュールスカートドレス詳細説明文,19950,,,201103510,1,1,1,4,4,0,1,1,2011035100434,color,BEIGE
,,,,,,,,,,,,,,,,,,,,,,2011035100441,color,BEIGE
,,,,,,,,,,,,,,,,,,,,,,2011035100144,color,BLACK
,,,,,,,,,,,,,,,,,,,,,,2011035100144,size,M
,,,,,,,,,,,,,,,,,,,,,,2011035100137,color,BLACK
,,,,,,,,,,,,,,,,,,,,,,2011035100137,size,S
201103513,属性セット（標準）,dannyanne,,configurable,Danny&Anne,ワンピース,ティアードショルダードレス,ティアードショルダードレス概要,ティアードショルダードレス詳細説明文,19950,,,201103513,1,1,1,4,4,0,1,1,2011035130431,color,BEIGE
,,,,,,,,,,,,,,,,,,,,,,2011035130448,color,BEIGE
,,,,,,,,,,,,,,,,,,,,,,2011035130141,color,BLACK
,,,,,,,,,,,,,,,,,,,,,,2011035130134,color,BLACK
,,,,,,,,,,,,,,,,,,,,,,2011035130141,size,M
,,,,,,,,,,,,,,,,,,,,,,2011035130134,size,S
201103524,属性セット（標準）,dannyanne,,configurable,Danny&Anne,ワンピース,タフタフレアースカートドレス,タフタフレアースカートドレス概要,タフタフレアースカートドレス詳細説明文,24150,,,201103524,1,1,1,4,4,0,1,1,2011035240147,color,BLACK
,,,,,,,,,,,,,,,,,,,,,,2011035240147,size,M
,,,,,,,,,,,,,,,,,,,,,,2011035240130,color,BLACK
,,,,,,,,,,,,,,,,,,,,,,2011035240130,size,S
201103526,属性セット（標準）,dannyanne,,configurable,Danny&Anne,ワンピース,プリントシフォンマキシドレス,プリントシフォンマキシドレス概要,プリントシフォンマキシドレス詳細説明文,26250,,,201103526,1,1,1,4,4,0,1,1,2011035260237,color,WHITE
,,,,,,,,,,,,,,,,,,,,,,2011035260145,color,BLACK
,,,,,,,,,,,,,,,,,,,,,,2011035260244,color,WHITE
,,,,,,,,,,,,,,,,,,,,,,2011035260138,size,S
,,,,,,,,,,,,,,,,,,,,,,2011035260145,size,M
,,,,,,,,,,,,,,,,,,,,,,2011035260138,color,BLACK
201103545,属性セット（標準）,dannyanne,,configurable,Danny&Anne,ワンピース,ジャガード　ドレス,ジャガード　ドレス概要,ジャガード　ドレス詳細説明文,15750,,,201103545,1,1,1,4,4,0,1,1,2011035450546,size,M
,,,,,,,,,,,,,,,,,,,,,,2011035450546,color,GRAY
,,,,,,,,,,,,,,,,,,,,,,2011035450539,color,GRAY
,,,,,,,,,,,,,,,,,,,,,,2011035450539,size,S
201103547,属性セット（標準）,dannyanne,,configurable,Danny&Anne,ワンピース,タックドワンピース,タックドワンピース概要,タックドワンピース詳細説明文,15750,,,201103547,1,1,1,4,4,0,1,1,2011035470919,color,YELLOW
,,,,,,,,,,,,,,,,,,,,,,2011035470711,color,BLUE
,,,,,,,,,,,,,,,,,,,,,,2011035470513,color,GRAY
,,,,,,,,,,,,,,,,,,,,,,2011035470513,size,FREE
201103550,属性セット（標準）,dannyanne,,configurable,Danny&Anne,ワンピース,ワンショルダードレス,ワンショルダードレス概要,ワンショルダードレス詳細説明文,26250,,,201103550,1,1,1,4,4,0,1,1,2011035500142,color,BLACK
,,,,,,,,,,,,,,,,,,,,,,2011035500142,size,M
,,,,,,,,,,,,,,,,,,,,,,2011035500135,color,BLACK
,,,,,,,,,,,,,,,,,,,,,,2011035500135,size,S
201103656,属性セット（標準）,dannyanne,,configurable,Danny&Anne,ワンピース,ジオメトリックプリントドレス,ジオメトリックプリントドレス概要,ジオメトリックプリントドレス詳細説明文,15750,,,201103656,1,1,1,4,4,0,1,1,2011036560831,color,NAVY
,,,,,,,,,,,,,,,,,,,,,,2011036560640,color,PINK
,,,,,,,,,,,,,,,,,,,,,,2011036560848,color,NAVY
,,,,,,,,,,,,,,,,,,,,,,2011036560640,size,M
,,,,,,,,,,,,,,,,,,,,,,2011036560633,size,S
,,,,,,,,,,,,,,,,,,,,,,2011036560633,color,PINK
201103658,属性セット（標準）,dannyanne,,configurable,Danny&Anne,ワンピース,オフショルダーマキシドレス,オフショルダーマキシドレス概要,オフショルダーマキシドレス詳細説明文,19950,,,201103658,1,1,1,4,4,0,1,1,2011036580716,color,BLUE
,,,,,,,,,,,,,,,,,,,,,,2011036580419,color,BEIGE
,,,,,,,,,,,,,,,,,,,,,,2011036580112,color,BLACK
,,,,,,,,,,,,,,,,,,,,,,2011036580112,size,FREE
201103660,属性セット（標準）,dannyanne,,configurable,Danny&Anne,ワンピース,タックリボンドレス,タックリボンドレス概要,タックリボンドレス詳細説明文,13650,,,201103660,1,1,1,4,4,0,1,1,2011036600742,color,BLUE
,,,,,,,,,,,,,,,,,,,,,,2011036600735,color,BLUE
,,,,,,,,,,,,,,,,,,,,,,2011036600445,color,BEIGE
,,,,,,,,,,,,,,,,,,,,,,2011036600438,size,S
,,,,,,,,,,,,,,,,,,,,,,2011036600438,color,BEIGE
,,,,,,,,,,,,,,,,,,,,,,2011036600445,size,M
201103709,属性セット（標準）,dannyanne,,configurable,Danny&Anne,ワンピース,取り外しフリルニットワンピース,取り外しフリルニットワンピース概要,取り外しフリルニットワンピース詳細説明文,14700,,,201103709,1,1,1,4,4,0,1,1,2011037090511,color,GRAY
,,,,,,,,,,,,,,,,,,,,,,2011037090412,color,BEIGE
,,,,,,,,,,,,,,,,,,,,,,2011037090412,size,FREE
201104511,属性セット（標準）,dannyanne,,configurable,Danny&Anne,サロペット／オーバーオール,カシュクールショートサロペット,カシュクールショートサロペット概要,カシュクールショートサロペット詳細説明文,12600,,,201104511,1,1,1,4,4,0,1,1,2011045111611,color,SILVER
,,,,,,,,,,,,,,,,,,,,,,2011045110119,color,BLACK
,,,,,,,,,,,,,,,,,,,,,,2011045110119,size,FREE
201104512,属性セット（標準）,dannyanne,,configurable,Danny&Anne,サロペット／オーバーオール,ワンショルダーサロペット,ワンショルダーサロペット概要,ワンショルダーサロペット詳細説明文,13650,,,201104512,1,1,1,4,4,0,1,1,2011045120514,color,GRAY
,,,,,,,,,,,,,,,,,,,,,,2011045120415,size,FREE
,,,,,,,,,,,,,,,,,,,,,,2011045120415,color,BEIGE
201104657,属性セット（標準）,dannyanne,,configurable,Danny&Anne,サロペット／オーバーオール,ボーダー×無地コンビメゾン,ボーダー×無地コンビメゾン概要,ボーダー×無地コンビメゾン詳細説明文,13650,,,201104657,1,1,1,4,4,0,1,1,2011046570516,color,GRAY
,,,,,,,,,,,,,,,,,,,,,,2011046570417,color,BEIGE
,,,,,,,,,,,,,,,,,,,,,,2011046570219,color,WHITE
,,,,,,,,,,,,,,,,,,,,,,2011046570219,size,FREE
201105428,属性セット（標準）,dannyanne,,configurable,Danny&Anne,スカート,ティアードタックスカート,ティアードタックスカート概要,ティアードタックスカート詳細説明文,13650,,,201105428,1,1,1,4,4,0,1,1,2011054281633,color,SILVER
,,,,,,,,,,,,,,,,,,,,,,2011054281640,color,SILVER
,,,,,,,,,,,,,,,,,,,,,,2011054280148,color,BLACK
,,,,,,,,,,,,,,,,,,,,,,2011054280148,size,M
,,,,,,,,,,,,,,,,,,,,,,2011054280131,size,S
,,,,,,,,,,,,,,,,,,,,,,2011054280131,color,BLACK
201105562,属性セット（標準）,dannyanne,,configurable,Danny&Anne,スカート,形状記憶タフタフレアースカート,形状記憶タフタフレアースカート概要,形状記憶タフタフレアースカート詳細説明文,14700,,,201105562,1,1,1,4,4,0,1,1,2011055621636,color,SILVER
,,,,,,,,,,,,,,,,,,,,,,2011055621643,color,SILVER
,,,,,,,,,,,,,,,,,,,,,,2011055620141,color,BLACK
,,,,,,,,,,,,,,,,,,,,,,2011055620134,color,BLACK
,,,,,,,,,,,,,,,,,,,,,,2011055620141,size,M
,,,,,,,,,,,,,,,,,,,,,,2011055620134,size,S
201105563,属性セット（標準）,dannyanne,,configurable,Danny&Anne,スカート,ラップスカート,ラップスカート概要,ラップスカート詳細説明文,12600,,,201105563,1,1,1,4,4,0,1,1,2011055630119,color,BLACK
,,,,,,,,,,,,,,,,,,,,,,2011055630416,color,BEIGE
,,,,,,,,,,,,,,,,,,,,,,2011055630119,size,FREE
201106429,属性セット（標準）,dannyanne,,configurable,Danny&Anne,ショートパンツ,ファスナーポケットショートパンツ,ファスナーポケットショートパンツ概要,ファスナーポケットショートパンツ詳細説明文,11550,,,201106429,1,1,1,4,4,0,1,1,2011064290519,color,GRAY
,,,,,,,,,,,,,,,,,,,,,,2011064290816,color,NAVY
,,,,,,,,,,,,,,,,,,,,,,2011064290410,color,BEIGE
,,,,,,,,,,,,,,,,,,,,,,2011064290410,size,FREE
201106430,属性セット（標準）,dannyanne,,configurable,Danny&Anne,ショートパンツ,2WAYラップショートパンツ,2WAYラップショートパンツ概要,2WAYラップショートパンツ詳細説明文,13650,,,201106430,1,1,1,4,4,0,1,1,2011064300645,color,PINK
,,,,,,,,,,,,,,,,,,,,,,2011064300744,color,BLUE
,,,,,,,,,,,,,,,,,,,,,,2011064300638,color,PINK
,,,,,,,,,,,,,,,,,,,,,,2011064300737,color,BLUE
,,,,,,,,,,,,,,,,,,,,,,2011064300140,color,BLACK
,,,,,,,,,,,,,,,,,,,,,,2011064300140,size,M
,,,,,,,,,,,,,,,,,,,,,,2011064300133,size,S
,,,,,,,,,,,,,,,,,,,,,,2011064300133,color,BLACK
201106434,属性セット（標準）,dannyanne,,configurable,Danny&Anne,ショートパンツ,レース×裏起毛スウェットショートパンツ,レース×裏起毛スウェットショートパンツ概要,レース×裏起毛スウェットショートパンツ詳細説明文,10290,,,201106434,1,1,1,4,4,0,1,1,2011064342416,color,D/GRAY
,,,,,,,,,,,,,,,,,,,,,,2011064340511,size,FREE
,,,,,,,,,,,,,,,,,,,,,,2011064340511,color,GRAY
201106542,属性セット（標準）,dannyanne,,configurable,Danny&Anne,ショートパンツ,プリントサテンキュロット,プリントサテンキュロット概要,プリントサテンキュロット詳細説明文,15750,,,201106542,1,1,1,4,4,0,1,1,2011065420236,color,WHITE
,,,,,,,,,,,,,,,,,,,,,,2011065420243,color,WHITE
,,,,,,,,,,,,,,,,,,,,,,2011065420144,color,BLACK
,,,,,,,,,,,,,,,,,,,,,,2011065420144,size,M
,,,,,,,,,,,,,,,,,,,,,,2011065420137,size,S
,,,,,,,,,,,,,,,,,,,,,,2011065420137,color,BLACK
201107435,属性セット（標準）,dannyanne,,configurable,Danny&Anne,パンツ,裏起毛スウェットパンツ,裏起毛スウェットパンツ概要,裏起毛スウェットパンツ詳細説明文,9350,,,201107435,1,1,1,4,4,0,1,1,2011074350838,color,NAVY
,,,,,,,,,,,,,,,,,,,,,,2011074350845,color,NAVY
,,,,,,,,,,,,,,,,,,,,,,2011074350548,color,GRAY
,,,,,,,,,,,,,,,,,,,,,,2011074350531,color,GRAY
,,,,,,,,,,,,,,,,,,,,,,2011074350548,size,M
,,,,,,,,,,,,,,,,,,,,,,2011074350531,size,S
201107544,属性セット（標準）,dannyanne,,configurable,Danny&Anne,パンツ,フラワープリントパンツ,フラワープリントパンツ概要,フラワープリントパンツ詳細説明文,10290,,,201107544,1,1,1,4,4,0,1,1,2011075440811,color,NAVY
,,,,,,,,,,,,,,,,,,,,,,2011075440217,color,WHITE
,,,,,,,,,,,,,,,,,,,,,,2011075440217,size,FREE
201107564,属性セット（標準）,dannyanne,,configurable,Danny&Anne,パンツ,ウェストスタッズパンツ,ウェストスタッズパンツ概要,ウェストスタッズパンツ詳細説明文,12600,,,201107564,1,1,1,4,4,0,1,1,2011075640433,color,BEIGE
,,,,,,,,,,,,,,,,,,,,,,2011075640440,color,BEIGE
,,,,,,,,,,,,,,,,,,,,,,2011075640143,color,BLACK
,,,,,,,,,,,,,,,,,,,,,,2011075640143,size,M
,,,,,,,,,,,,,,,,,,,,,,2011075640136,size,S
,,,,,,,,,,,,,,,,,,,,,,2011075640136,color,BLACK
201107567,属性セット（標準）,dannyanne,,configurable,Danny&Anne,パンツ,サテンパンツ,サテンパンツ概要,サテンパンツ詳細説明文,9350,,,201107567,1,1,1,4,4,0,1,1,2011075670119,color,BLACK
,,,,,,,,,,,,,,,,,,,,,,2011075670119,size,FREE
201109854,属性セット（標準）,dannyanne,,configurable,Danny&Anne,グッズ,チェーンBAG,チェーンBAG概要,チェーンBAG詳細説明文,17850,,,201109854,1,1,1,4,4,0,1,1,2011098540512,color,GRAY
,,,,,,,,,,,,,,,,,,,,,,2011098540413,color,BEIGE
,,,,,,,,,,,,,,,,,,,,,,2011098540413,size,FREE
201109855,属性セット（標準）,dannyanne,,configurable,Danny&Anne,グッズ,タッセルBAG,タッセルBAG概要,タッセルBAG詳細説明文,17850,,,201109855,1,1,1,4,4,0,1,1,2011098550412,color,BEIGE
,,,,,,,,,,,,,,,,,,,,,,2011098550610,color,PINK
,,,,,,,,,,,,,,,,,,,,,,2011098550412,size,FREE
201110871,属性セット（標準）,dannyanne,,configurable,Danny&Anne,シューズ,ローヒールパンプス,ローヒールパンプス概要,ローヒールパンプス詳細説明文,15750,,,201110871,1,1,1,4,4,0,1,1,2011108710157,color,BLACK
,,,,,,,,,,,,,,,,,,,,,,2011108710164,size,LL
,,,,,,,,,,,,,,,,,,,,,,2011108710164,color,BLACK
,,,,,,,,,,,,,,,,,,,,,,2011108710157,size,L
,,,,,,,,,,,,,,,,,,,,,,2011108710140,color,BLACK
,,,,,,,,,,,,,,,,,,,,,,2011108710133,size,S
,,,,,,,,,,,,,,,,,,,,,,2011108710133,color,BLACK
,,,,,,,,,,,,,,,,,,,,,,2011108710140,size,M
201110872,属性セット（標準）,dannyanne,,configurable,Danny&Anne,シューズ,ローヒールパンプス,ローヒールパンプス概要,ローヒールパンプス詳細説明文,15750,,,201110872,1,1,1,4,4,0,1,1,2011108720750,color,BLUE
,,,,,,,,,,,,,,,,,,,,,,2011108720767,size,LL
,,,,,,,,,,,,,,,,,,,,,,2011108720750,size,L
,,,,,,,,,,,,,,,,,,,,,,2011108720767,color,BLUE
,,,,,,,,,,,,,,,,,,,,,,2011108720743,color,BLUE
,,,,,,,,,,,,,,,,,,,,,,2011108720736,size,S
,,,,,,,,,,,,,,,,,,,,,,2011108720736,color,BLUE
,,,,,,,,,,,,,,,,,,,,,,2011108720743,size,M
201110873,属性セット（標準）,dannyanne,,configurable,Danny&Anne,シューズ,ウェッジソールパンプス,ウェッジソールパンプス概要,ウェッジソールパンプス詳細説明文,25200,,,201110873,1,1,1,4,4,0,1,1,2011108730438,color,BEIGE
,,,,,,,,,,,,,,,,,,,,,,2011108730445,color,BEIGE
,,,,,,,,,,,,,,,,,,,,,,2011108730469,color,BEIGE
,,,,,,,,,,,,,,,,,,,,,,2011108730162,size,LL
,,,,,,,,,,,,,,,,,,,,,,2011108730452,color,BEIGE
,,,,,,,,,,,,,,,,,,,,,,2011108730162,color,BLACK
,,,,,,,,,,,,,,,,,,,,,,2011108730131,size,S
,,,,,,,,,,,,,,,,,,,,,,2011108730155,color,BLACK
,,,,,,,,,,,,,,,,,,,,,,2011108730148,size,M
,,,,,,,,,,,,,,,,,,,,,,2011108730131,color,BLACK
,,,,,,,,,,,,,,,,,,,,,,2011108730148,color,BLACK
,,,,,,,,,,,,,,,,,,,,,,2011108730155,size,L
201110874,属性セット（標準）,dannyanne,,configurable,Danny&Anne,シューズ,ウェッジソールパンプス,ウェッジソールパンプス概要,ウェッジソールパンプス詳細説明文,25200,,,201110874,1,1,1,4,4,0,1,1,2011108740055,color,その他
,,,,,,,,,,,,,,,,,,,,,,2011108740062,size,LL
,,,,,,,,,,,,,,,,,,,,,,2011108740062,color,その他
,,,,,,,,,,,,,,,,,,,,,,2011108740055,size,L
,,,,,,,,,,,,,,,,,,,,,,2011108740031,size,S
,,,,,,,,,,,,,,,,,,,,,,2011108740031,color,その他
,,,,,,,,,,,,,,,,,,,,,,2011108740048,size,M
,,,,,,,,,,,,,,,,,,,,,,2011108740048,color,その他
